{
  "rmse": 632.8683627747577,
  "mae": 134.73825792479568,
  "r2": 0.3219520361283996
}